request_id,client_id,tenant_id,slo_class,vllm_priority,session_id,round_index,prefix_group,prefix_length,streaming,input_tokens,output_tokens,text_tokens,image_tokens,audio_tokens,video_tokens,reason_ratio,model,deadline_us,server_input_tokens,arrival_time_us,send_time_us,first_chunk_time_us,last_chunk_time_us,num_chunks,status,error_message,finish_reason,x_request_id
50,deep-research-0,research-agents,standard,1,,0,deep-research-system-prompt-0,2000,true,72432,50,0,0,0,0,0,,0,73921,222572975,1788927174365724,1788927182275864,1788927183222158,51,ok,,length,d6648eaf-125e-4b25-8dda-22d8c21923d8
52,deep-research-4,research-agents,standard,1,,0,deep-research-system-prompt-4,2000,true,22307,50,0,0,0,0,0,,0,24138,241402797,1788927193195629,1788927195136919,1788927196760239,51,ok,,length,6ac559c4-0d9c-4d5e-8ecc-279e4577b820
53,deep-research-3,research-agents,standard,1,,0,deep-research-system-prompt-3,2000,true,13218,50,0,0,0,0,0,,0,14978,243896241,1788927195688224,1788927196631943,1788927197405750,51,ok,,length,d5a52358-9d27-4890-a656-6438fcb80ef3
54,deep-research-2,research-agents,standard,1,,0,deep-research-system-prompt-2,2000,true,24579,200,0,0,0,0,0,,0,26567,245667162,1788927197459119,1788927199401747,1788927202754369,201,ok,,length,be9eaff8-47ab-40f0-94ec-9ee6d76d59d5
56,deep-research-2,research-agents,standard,1,,0,deep-research-system-prompt-2,2000,true,42077,214,0,0,0,0,0,,0,43720,250760874,1788927202553633,1788927206443944,1788927210178176,215,ok,,length,47bd8ce6-b836-4c04-8a22-6b38ba58180a
59,deep-research-3,research-agents,standard,1,,0,deep-research-system-prompt-3,2000,true,32244,50,0,0,0,0,0,,0,34017,261306867,1788927213099459,1788927215839134,1788927216676099,51,ok,,length,45c4b14c-4ae6-48e3-83d8-e95d0934e3d9
55,deep-research-2,research-agents,standard,1,,0,deep-research-system-prompt-2,2000,true,40883,672,0,0,0,0,0,,0,42862,246278664,1788927198071612,1788927202004337,1788927219617849,673,ok,,length,835b9bfa-b273-4fc5-a81e-13af8d8de7a3
51,deep-research-2,research-agents,standard,1,,0,deep-research-system-prompt-2,2000,true,29865,1868,0,0,0,0,0,,0,31675,223027200,1788927174820085,1788927177831577,1788927221044793,1869,ok,,length,9fd60fbc-c97e-4a45-9dd7-e62a53560835
57,deep-research-1,research-agents,standard,1,,0,deep-research-system-prompt-1,2000,true,15272,774,0,0,0,0,0,,0,17050,252022518,1788927203814180,1788927204937469,1788927227554548,775,ok,,length,df681669-bdbd-47c4-99b9-3ab55c2d82db
58,deep-research-0,research-agents,standard,1,,0,deep-research-system-prompt-0,2000,true,81584,694,0,0,0,0,0,,0,82745,257378594,1788927209172187,1788927218311771,1788927230964832,695,ok,,length,81f3ea6f-1a2d-405e-b5ea-740921dbd2fa
60,deep-research-1,research-agents,standard,1,,0,deep-research-system-prompt-1,2000,true,41026,247,0,0,0,0,0,,0,42794,276491902,1788927228284589,1788927232013461,1788927236081456,248,ok,,length,d12fdb00-63ff-4eaa-9d73-7918d09ff38a
61,deep-research-4,research-agents,standard,1,,0,deep-research-system-prompt-4,2000,true,55150,50,0,0,0,0,0,,0,56656,280025478,1788927231818539,1788927237153372,1788927237991006,51,ok,,length,538d7969-163d-456f-9d18-5ac1d79f7a13
64,deep-research-4,research-agents,standard,1,,0,deep-research-system-prompt-4,2000,true,24151,50,0,0,0,0,0,,0,25932,293540556,1788927245333075,1788927247247980,1788927248053823,51,ok,,length,ad8b8e13-b42e-4f89-a34c-116a8235249c
62,deep-research-4,research-agents,standard,1,,0,deep-research-system-prompt-4,2000,true,24291,889,0,0,0,0,0,,0,26151,285831516,1788927237623765,1788927239541338,1788927255949602,890,ok,,length,0305156d-ab36-432f-992d-db0baa5e344f
67,deep-research-4,research-agents,standard,1,,0,deep-research-system-prompt-4,2000,true,24640,544,0,0,0,0,0,,0,26499,304788978,1788927256581169,1788927258579534,1788927267707462,545,ok,,length,5445f670-6715-49cc-b307-87afdaaed5bc
66,deep-research-3,research-agents,standard,1,,0,deep-research-system-prompt-3,2000,true,99314,50,0,0,0,0,0,,0,100580,302751460,1788927254545352,1788927267031867,1788927267919092,50,ok,,length,84b8a336-d052-4900-afac-051c90c12a03
65,deep-research-0,research-agents,standard,1,,0,deep-research-system-prompt-0,2000,true,24207,1279,0,0,0,0,0,,0,26151,294755695,1788927246548476,1788927248491702,1788927276288427,1280,ok,,length,1a7ec476-3488-470b-b234-c29350d6d7e5
71,deep-research-1,research-agents,standard,1,,0,deep-research-system-prompt-1,2000,true,38327,50,0,0,0,0,0,,0,40082,324498717,1788927276291221,1788927279759493,1788927280617827,51,ok,,length,1bd26bc7-8e6d-4a3c-85ca-a03cd1188189
72,deep-research-1,research-agents,standard,1,,0,deep-research-system-prompt-1,2000,true,44102,50,0,0,0,0,0,,0,45784,327020808,1788927278813821,1788927282913236,1788927283817767,51,ok,,length,ea7bf908-7416-4198-8adc-311ba66c3c47
73,deep-research-2,research-agents,standard,1,,0,deep-research-system-prompt-2,2000,true,18106,50,0,0,0,0,0,,0,20094,329921338,1788927281713843,1788927283099352,1788927283941525,51,ok,,length,67a6404b-b441-465b-b39b-fb2081b21424
70,deep-research-1,research-agents,standard,1,,0,deep-research-system-prompt-1,2000,true,8703,331,0,0,0,0,0,,0,10634,324401825,1788927276193481,1788927276789687,1788927286554290,332,ok,,length,32bf87c7-ac96-470c-8fa3-ce0c7d7d9bb3
63,deep-research-1,research-agents,standard,1,,0,deep-research-system-prompt-1,2000,true,20449,1880,0,0,0,0,0,,0,22372,287348348,1788927239140745,1788927240702064,1788927294246439,1880,ok,,length,47594994-55c0-42cc-a3be-67ee2edbd4a7
74,deep-research-1,research-agents,standard,1,,0,deep-research-system-prompt-1,2000,true,30895,655,0,0,0,0,0,,0,32663,334674000,1788927286466004,1788927289055313,1788927300591813,656,ok,,length,d7e5f640-8117-4c70-b53e-f5bde497e75b
69,deep-research-0,research-agents,standard,1,,0,deep-research-system-prompt-0,2000,true,50234,1048,0,0,0,0,0,,0,51951,318734016,1788927270527320,1788927275386211,1788927300591914,1049,ok,,length,a5fde2ef-a66d-4368-bef7-3c7e6d75480d
68,deep-research-4,research-agents,standard,1,,0,deep-research-system-prompt-4,2000,true,43148,1630,0,0,0,0,0,,0,44781,318463019,1788927270255894,1788927274224051,1788927306474782,1631,ok,,length,2929d615-5c66-48bc-950c-e83b79de027c
76,deep-research-4,research-agents,standard,1,,0,deep-research-system-prompt-4,2000,true,22796,50,0,0,0,0,0,,0,24669,367786342,1788927319578750,1788927321341431,1788927322118042,51,ok,,length,c85277f8-29f9-484c-ba04-411c248e29f2
75,deep-research-3,research-agents,standard,1,,0,deep-research-system-prompt-3,2000,true,32431,357,0,0,0,0,0,,0,34133,363746809,1788927315547533,1788927318256916,1788927324062842,358,ok,,length,879cabed-16e2-41ae-a680-313efcba29ba
79,deep-research-2,research-agents,standard,1,,0,deep-research-system-prompt-2,2000,true,29875,50,0,0,0,0,0,,0,31892,373800348,1788927325593005,1788927328494735,1788927329310028,51,ok,,length,00a430ea-08da-4812-a947-fdcebd1cedd2
81,deep-research-3,research-agents,standard,1,,0,deep-research-system-prompt-3,2000,true,49161,50,0,0,0,0,0,,0,50819,383877225,1788927335669773,1788927340356738,1788927341263347,51,ok,,length,840d5b90-7420-46b2-9b10-5bf33a01ec01
77,deep-research-4,research-agents,standard,1,,0,deep-research-system-prompt-4,2000,true,23954,423,0,0,0,0,0,,0,25799,373180213,1788927324972214,1788927326833117,1788927343314178,424,ok,,length,557e10d6-2bfa-4d73-bac2-2c571c11200f
78,deep-research-4,research-agents,standard,1,,0,deep-research-system-prompt-4,2000,true,121000,638,0,0,0,0,0,,0,121949,373344289,1788927325138214,1788927341412796,1788927353855706,638,ok,,length,a5e8b870-a76a-4673-a4e1-ac6c7534c7b0
83,deep-research-4,research-agents,standard,1,,0,deep-research-system-prompt-4,2000,true,11972,342,0,0,0,0,0,,0,13989,399389632,1788927351181454,1788927352017232,1788927357924309,343,ok,,length,e64caaf3-2fdf-49fe-9cd9-d34947e5bd30
80,deep-research-3,research-agents,standard,1,,0,deep-research-system-prompt-3,2000,true,51524,1094,0,0,0,0,0,,0,53181,378145135,1788927329938233,1788927334857803,1788927358890350,1095,ok,,length,60e5267e-c85e-4bc8-b7bc-215221686d8a
85,deep-research-0,research-agents,standard,1,,0,deep-research-system-prompt-0,2000,true,20513,60,0,0,0,0,0,,0,22291,415716569,1788927367509277,1788927369107472,1788927370097113,61,ok,,length,8c7e2cdb-cdd4-4db2-90bb-52ea51f9a41f
82,deep-research-0,research-agents,standard,1,,0,deep-research-system-prompt-0,2000,true,27839,1836,0,0,0,0,0,,0,29752,387210281,1788927339002779,1788927341668516,1788927375223228,1837,ok,,length,e758e46b-e307-471d-b55a-d9c8ed8f075b
87,deep-research-0,research-agents,standard,1,,0,deep-research-system-prompt-0,2000,true,24443,227,0,0,0,0,0,,0,26328,421960188,1788927373752450,1788927375904047,1788927379740231,228,ok,,length,04e415e3-24ac-4616-9bbe-f1eee5aefbb7
86,deep-research-2,research-agents,standard,1,,0,deep-research-system-prompt-2,2000,true,15144,782,0,0,0,0,0,,0,17068,416743003,1788927368535228,1788927369877499,1788927382537269,783,ok,,length,6d3bc89f-e32a-4b7e-9da6-a5e70960ba29
92,deep-research-1,research-agents,standard,1,,0,deep-research-system-prompt-1,2000,true,12251,50,0,0,0,0,0,,0,14091,443530312,1788927395322185,1788927396194915,1788927400767740,51,ok,,length,fff2e348-0fc2-40ad-b950-ed43b54ce590
94,deep-research-1,research-agents,standard,1,,0,deep-research-system-prompt-1,2000,true,82304,50,0,0,0,0,0,,0,83903,451036909,1788927402830717,1788927412249651,1788927414173183,51,ok,,length,e2f5e79f-ec01-46ad-bb28-393559d0e661
97,deep-research-4,research-agents,standard,1,,0,deep-research-system-prompt-4,2000,true,13630,50,0,0,0,0,0,,0,15519,459723574,1788927411516018,1788927413154483,1788927414209538,51,ok,,length,95e90254-e79a-44c8-8450-44f4dc2ad60b
84,deep-research-4,research-agents,standard,1,,0,deep-research-system-prompt-4,2000,true,32971,1354,0,0,0,0,0,,0,34831,415214734,1788927367007617,1788927369757698,1788927417359283,1354,ok,,length,1de3035e-91d1-43c0-b25a-abda96e15e69
91,deep-research-1,research-agents,standard,1,,0,deep-research-system-prompt-1,2000,true,92459,111,0,0,0,0,0,,0,93761,442675786,1788927394469495,1788927405365951,1788927417359323,111,ok,,length,0d20168a-8454-40ca-9503-269e595ecee5
89,deep-research-3,research-agents,standard,1,,0,deep-research-system-prompt-3,2000,true,30927,403,0,0,0,0,0,,0,32711,438688650,1788927390480735,1788927393058866,1788927420934774,403,ok,,length,19c42804-6692-4543-bab4-926740edced9
95,deep-research-2,research-agents,standard,1,,0,deep-research-system-prompt-2,2000,true,86988,512,0,0,0,0,0,,0,88303,453874747,1788927405667798,1788927415700659,1788927427363828,513,ok,,length,1b819a8f-2cd6-472c-ab5f-668c46ab107d
99,deep-research-4,research-agents,standard,1,,0,deep-research-system-prompt-4,2000,true,26934,50,0,0,0,0,0,,0,28787,473371341,1788927425163425,1788927427338584,1788927428123765,51,ok,,length,aa9a54c7-5aea-4f3c-b8b9-107a15408f05
88,deep-research-2,research-agents,standard,1,,0,deep-research-system-prompt-2,2000,true,45239,894,0,0,0,0,0,,0,47015,431134005,1788927382926090,1788927387182525,1788927428377458,894,ok,,length,f9bf2c2b-75e6-4a47-bf26-e8077b61a2f6
103,deep-research-2,research-agents,standard,1,,0,deep-research-system-prompt-2,2000,true,35782,50,0,0,0,0,0,,0,37716,487581448,1788927439373871,1788927442549028,1788927443475278,51,ok,,length,335ccd79-bd7e-44d7-8006-38c3fbfdecae
90,deep-research-3,research-agents,standard,1,,0,deep-research-system-prompt-3,2000,true,34937,1021,0,0,0,0,0,,0,36488,439064651,1788927390856863,1788927394139410,1788927446924210,1021,ok,,length,b8e483a2-b363-4ccb-98d2-6fe15ac13713
96,deep-research-3,research-agents,standard,1,,0,deep-research-system-prompt-3,2000,true,121000,509,0,0,0,0,0,,0,122043,455761480,1788927407555706,1788927425213183,1788927447348532,509,ok,,length,eaf95865-4545-4ff6-a01d-e9ecef5d0e75
98,deep-research-0,research-agents,standard,1,,0,deep-research-system-prompt-0,2000,true,63051,804,0,0,0,0,0,,0,64747,463900400,1788927415693436,1788927422214451,1788927450673741,804,ok,,length,ab59c3c4-81ef-4c2a-aaa5-1a86a2a78228
101,deep-research-4,research-agents,standard,1,,0,deep-research-system-prompt-4,2000,true,52909,604,0,0,0,0,0,,0,54596,482188657,1788927433981461,1788927439132239,1788927457182856,605,ok,,length,418b7b35-ed51-4411-8d25-f3552b84cbc5
105,deep-research-0,research-agents,standard,1,,0,deep-research-system-prompt-0,2000,true,15462,50,0,0,0,0,0,,0,17393,506736922,1788927458529090,1788927459676331,1788927460589943,51,ok,,length,9135b9f9-02ae-452a-b03c-a37efeee9f35
93,deep-research-1,research-agents,standard,1,,0,deep-research-system-prompt-1,2000,true,41642,1746,0,0,0,0,0,,0,43383,443544231,1788927395336905,1788927399900470,1788927472053214,1746,ok,,length,4c7ba799-c4da-4efb-b56f-74c22a2d60b9
111,deep-research-4,research-agents,standard,1,,0,deep-research-system-prompt-4,2000,true,38706,50,0,0,0,0,0,,0,40439,515726525,1788927467518541,1788927471833488,1788927477098107,51,ok,,length,41e0ea9d-1089-4e1a-be64-d90604c5164d
108,deep-research-4,research-agents,standard,1,,0,deep-research-system-prompt-4,2000,true,32647,50,0,0,0,0,0,,0,34325,509223620,1788927461016291,1788927472523656,1788927477618967,51,ok,,length,a6395af0-e084-474d-a8a8-6e1a93c760cd
112,deep-research-3,research-agents,standard,1,,0,deep-research-system-prompt-3,2000,true,47363,50,0,0,0,0,0,,0,49124,520492352,1788927472284534,1788927476798636,1788927477793853,51,ok,,length,4d0f40aa-fbb8-46b9-903c-5999dc45fed7
104,deep-research-1,research-agents,standard,1,,0,deep-research-system-prompt-1,2000,true,55635,960,0,0,0,0,0,,0,57167,487646343,1788927439438908,1788927444914270,1788927477928966,961,ok,,length,b241a8f0-2c69-4227-84c1-98fbeadd1e8f
115,deep-research-3,research-agents,standard,1,,0,deep-research-system-prompt-3,2000,true,8806,50,0,0,0,0,0,,0,10685,528652276,1788927480444295,1788927481074613,1788927482179292,51,ok,,length,106761fb-9b4d-45fd-86ed-6f239cee98fc
102,deep-research-3,research-agents,standard,1,,0,deep-research-system-prompt-3,2000,true,12652,1417,0,0,0,0,0,,0,14460,482989668,1788927434781302,1788927437522625,1788927484717507,1418,ok,,length,b50a5774-717b-47b4-87c1-84b4f88867ba
114,deep-research-3,research-agents,standard,1,,0,deep-research-system-prompt-3,2000,true,43079,50,0,0,0,0,0,,0,44657,528335456,1788927480128211,1788927484147758,1788927485052909,51,ok,,length,8750d8f8-29f6-4148-89b3-cee70ca93b3e
100,deep-research-0,research-agents,standard,1,,0,deep-research-system-prompt-0,2000,true,74549,1451,0,0,0,0,0,,0,75957,477572202,1788927429365374,1788927437478885,1788927485373381,1452,ok,,length,f0fe7b78-cadb-492f-9d77-18e74cc323ca
113,deep-research-0,research-agents,standard,1,,0,deep-research-system-prompt-0,2000,true,44965,470,0,0,0,0,0,,0,46652,520698653,1788927472491430,1788927476686764,1788927487451801,471,ok,,length,791d8654-a446-43c5-955b-de0920b0a3e9
110,deep-research-0,research-agents,standard,1,,0,deep-research-system-prompt-0,2000,true,23588,608,0,0,0,0,0,,0,25444,514748222,1788927466540703,1788927468436941,1788927494536667,609,ok,,length,9cd32101-bdbd-48f7-82b7-72f0c0179ac7
107,deep-research-3,research-agents,standard,1,,0,deep-research-system-prompt-3,2000,true,91969,721,0,0,0,0,0,,0,93369,508779332,1788927460573349,1788927472069656,1788927495080362,722,ok,,length,598e49be-ea90-4e94-9c6d-5b55cd22c0d9
106,deep-research-4,research-agents,standard,1,,0,deep-research-system-prompt-4,2000,true,45908,1104,0,0,0,0,0,,0,47539,507543320,1788927459336053,1788927463618764,1788927500576565,1105,ok,,length,24497ab9-f74a-4d3b-85a2-bf25e7e21249
109,deep-research-0,research-agents,standard,1,,0,deep-research-system-prompt-0,2000,true,14807,1321,0,0,0,0,0,,0,16665,509441808,1788927461233803,1788927472476305,1788927506780004,1322,ok,,length,37d6eeb8-d7cf-42c2-8fa6-c9ebf7bd1eb6
118,deep-research-2,research-agents,standard,1,,0,deep-research-system-prompt-2,2000,true,17661,901,0,0,0,0,0,,0,19682,545721282,1788927497513865,1788927498852079,1788927514375374,902,ok,,length,8e00180c-6488-4618-a345-c1b1e92e705f
116,deep-research-3,research-agents,standard,1,,0,deep-research-system-prompt-3,2000,true,40479,1466,0,0,0,0,0,,0,42208,534863643,1788927486656211,1788927490375045,1788927517009541,1467,ok,,length,9083c88a-9a13-4db3-8da9-7fa4215e0a2b
117,deep-research-1,research-agents,standard,1,,0,deep-research-system-prompt-1,2000,true,34618,1514,0,0,0,0,0,,0,36390,538668511,1788927490461059,1788927493723403,1788927520864101,1515,ok,,length,c6f9bb93-2570-4237-95f3-3de1d29d7a01
119,deep-research-4,research-agents,standard,1,,0,deep-research-system-prompt-4,2000,true,19041,1152,0,0,0,0,0,,0,20960,561637299,1788927513429819,1788927514889468,1788927536109430,1153,ok,,length,3a6e9815-0e3f-4971-84a3-4474d21bc288
128,deep-research-2,research-agents,standard,1,,0,deep-research-system-prompt-2,2000,true,25200,50,0,0,0,0,0,,0,27164,592173153,1788927543965193,1788927545992427,1788927551395767,51,ok,,length,3d9a8955-f060-4c5a-9b44-1af94c3124a0
125,deep-research-1,research-agents,standard,1,,0,deep-research-system-prompt-1,2000,true,106073,50,0,0,0,0,0,,0,107155,585666666,1788927537460653,1788927550953717,1788927551918684,50,ok,,length,a4803106-623b-4e7d-8431-2956dad2c782
130,deep-research-4,research-agents,standard,1,,0,deep-research-system-prompt-4,2000,true,54108,50,0,0,0,0,0,,0,55675,600582851,1788927552375605,1788927557694831,1788927558603794,51,ok,,length,83a45cee-1104-45ac-ad95-5649b25cfd97
120,deep-research-4,research-agents,standard,1,,0,deep-research-system-prompt-4,2000,true,28508,506,0,0,0,0,0,,0,30233,575828700,1788927527620836,1788927529928440,1788927559739185,507,ok,,length,e9164e39-a586-4bb5-966e-14367600a2da
121,deep-research-0,research-agents,standard,1,,0,deep-research-system-prompt-0,2000,true,15891,752,0,0,0,0,0,,0,17670,578366559,1788927530158531,1788927531335987,1788927564000230,752,ok,,length,c991729a-4073-4b74-b7c1-6c4831a8bf15
131,deep-research-4,research-agents,standard,1,,0,deep-research-system-prompt-4,2000,true,36320,348,0,0,0,0,0,,0,38205,604444846,1788927556237424,1788927559491589,1788927577755445,349,ok,,length,e3941077-b684-499e-aefa-404d7bf09649
126,deep-research-0,research-agents,standard,1,,0,deep-research-system-prompt-0,2000,true,45701,681,0,0,0,0,0,,0,47266,587312490,1788927539105566,1788927543326781,1788927577892277,682,ok,,length,1665c2bf-306c-4177-a99a-c95817961e64
132,deep-research-1,research-agents,standard,1,,0,deep-research-system-prompt-1,2000,true,70900,50,0,0,0,0,0,,0,72429,605728870,1788927557522458,1788927573299888,1788927578662512,51,ok,,length,d1d6b87e-b351-47f0-9261-64cb5b3ef77f
136,deep-research-4,research-agents,standard,1,,0,deep-research-system-prompt-4,2000,true,16130,50,0,0,0,0,0,,0,17994,618573297,1788927570365424,1788927577625047,1788927578702681,51,ok,,length,321e92a8-40fa-4cf8-9f35-562c30632859
135,deep-research-3,research-agents,standard,1,,0,deep-research-system-prompt-3,2000,true,38067,50,0,0,0,0,0,,0,39782,617718830,1788927569511176,1788927577625287,1788927578702706,51,ok,,length,b2a28081-cb6a-4c59-b05f-c56eb37715a4
123,deep-research-1,research-agents,standard,1,,0,deep-research-system-prompt-1,2000,true,60804,969,0,0,0,0,0,,0,62356,578986107,1788927530779343,1788927536960376,1788927581310014,970,ok,,length,ede59cc1-0dff-40dd-b4aa-16ded0040ccc
143,deep-research-3,research-agents,standard,1,,0,deep-research-system-prompt-3,2000,true,49747,50,0,0,0,0,0,,0,51416,641502748,1788927593295259,1788927598918327,1788927605234417,51,ok,,length,3fb290ca-7baf-45f4-9ba4-b83cb1074b2e
145,deep-research-4,research-agents,standard,1,,0,deep-research-system-prompt-4,2000,true,54689,50,0,0,0,0,0,,0,56279,647864965,1788927599657490,1788927605023480,1788927606232248,51,ok,,length,b86941ca-7ca4-466b-bc9e-5708043f0fb7
144,deep-research-3,research-agents,standard,1,,0,deep-research-system-prompt-3,2000,true,93211,50,0,0,0,0,0,,0,94570,643817692,1788927595611693,1788927607387823,1788927608619050,50,ok,,length,8d6d276c-d50e-4b7a-abb2-3cc7c2a9c529
133,deep-research-2,research-agents,standard,1,,0,deep-research-system-prompt-2,2000,true,68822,280,0,0,0,0,0,,0,70606,613853752,1788927565647028,1788927573299767,1788927610375441,280,ok,,length,9ca4656d-af52-43ce-b3aa-a4b8c9bb62a1
138,deep-research-1,research-agents,standard,1,,0,deep-research-system-prompt-1,2000,true,36913,394,0,0,0,0,0,,0,38797,630273342,1788927582065959,1788927585373794,1788927613721884,395,ok,,length,6797a9a8-b414-4536-881d-384ad3b0985f
147,deep-research-4,research-agents,standard,1,,0,deep-research-system-prompt-4,2000,true,33989,50,0,0,0,0,0,,0,35753,659954993,1788927611747022,1788927614683695,1788927615798510,51,ok,,length,994ce96c-8a97-450e-8c2f-8fcea8e7cbdd
141,deep-research-2,research-agents,standard,1,,0,deep-research-system-prompt-2,2000,true,18167,423,0,0,0,0,0,,0,20125,636556437,1788927588348602,1788927593140662,1788927626285680,424,ok,,length,005c3f26-f405-4a09-95f1-ee3dda1e490d
122,deep-research-0,research-agents,standard,1,,0,deep-research-system-prompt-0,2000,true,9088,1706,0,0,0,0,0,,0,10930,578604152,1788927530398170,1788927531015212,1788927634901701,1707,ok,,length,52809348-4102-4a6b-8f31-c0383fab6b37
149,deep-research-2,research-agents,standard,1,,0,deep-research-system-prompt-2,2000,true,19120,66,0,0,0,0,0,,0,21024,667294744,1788927619087108,1788927620562993,1788927637952172,66,ok,,length,78cf21dd-895e-432d-86b9-5f4e5feecf2c
134,deep-research-1,research-agents,standard,1,,0,deep-research-system-prompt-1,2000,true,93992,1129,0,0,0,0,0,,0,95132,614188522,1788927565982007,1788927577174757,1788927640215364,1130,ok,,length,edc62c46-c3b0-4eb4-9184-c6efde5f4d94
139,deep-research-1,research-agents,standard,1,,0,deep-research-system-prompt-1,2000,true,59080,561,0,0,0,0,0,,0,60792,631656734,1788927583449781,1788927607387894,1788927640512742,560,ok,,length,0efcb72e-a702-480f-9b95-e30527e40e82
152,deep-research-3,research-agents,standard,1,,0,deep-research-system-prompt-3,2000,true,28914,449,0,0,0,0,0,,0,30765,670943738,1788927622736164,1788927625127283,1788927640858478,450,ok,,length,ea91cacf-206f-473b-8c24-5443cb6d59cc
129,deep-research-0,research-agents,standard,1,,0,deep-research-system-prompt-0,2000,true,48237,1910,0,0,0,0,0,,0,49893,593547962,1788927545340145,1788927550418068,1788927644305211,1911,ok,,length,25d1dfad-1dfe-4771-99a7-d8d55d81eb32
124,deep-research-0,research-agents,standard,1,,0,deep-research-system-prompt-0,2000,true,20968,1698,0,0,0,0,0,,0,22677,581342368,1788927533134477,1788927534747130,1788927647624786,1696,ok,,length,3b8fc157-cbf9-47e3-aef4-daf25602c36f
137,deep-research-0,research-agents,standard,1,,0,deep-research-system-prompt-0,2000,true,121000,805,0,0,0,0,0,,0,122161,628369436,1788927580163202,1788927596546788,1788927647821507,804,ok,,length,fb1d30e2-1ab5-46fa-820f-fb0ba365bf60
155,deep-research-2,research-agents,standard,1,,0,deep-research-system-prompt-2,2000,true,20771,50,0,0,0,0,0,,0,22646,693368964,1788927645161403,1788927646797872,1788927647965485,51,ok,,length,b3d30454-eead-412b-a759-3d4cc3c05b58
142,deep-research-0,research-agents,standard,1,,0,deep-research-system-prompt-0,2000,true,16932,1010,0,0,0,0,0,,0,18737,640261262,1788927592053554,1788927594346129,1788927650996018,1011,ok,,length,28934e5a-bd06-47dc-8599-12a283081043
148,deep-research-1,research-agents,standard,1,,0,deep-research-system-prompt-1,2000,true,70731,813,0,0,0,0,0,,0,72305,661758940,1788927613552370,1788927621169029,1788927653512484,814,ok,,length,1f919585-6016-4b59-ab30-280e8d40bfab
140,deep-research-3,research-agents,standard,1,,0,deep-research-system-prompt-3,2000,true,50997,1267,0,0,0,0,0,,0,52647,635211337,1788927587003752,1788927591875808,1788927656535387,1268,ok,,length,fdcb175c-4b23-485b-8117-b6eed1a2d832
151,deep-research-3,research-agents,standard,1,,0,deep-research-system-prompt-3,2000,true,121000,744,0,0,0,0,0,,0,122181,669394235,1788927621188316,1788927637614665,1788927657253200,744,ok,,length,6d086db2-3bbd-4fcc-950c-8a94b209ddcc
127,deep-research-4,research-agents,standard,1,,0,deep-research-system-prompt-4,2000,true,31762,2040,0,0,0,0,0,,0,33655,589309090,1788927541101367,1788927550965510,1788927659621709,2039,ok,,length,071db9f3-4641-42f3-8684-6dbb4950fe25
154,deep-research-0,research-agents,standard,1,,0,deep-research-system-prompt-0,2000,true,60213,310,0,0,0,0,0,,0,61875,692353962,1788927644146763,1788927650249864,1788927659766419,311,ok,,length,11f8d5c7-a936-4350-90c9-57b451f66e33
157,deep-research-0,research-agents,standard,1,,0,deep-research-system-prompt-0,2000,true,37815,50,0,0,0,0,0,,0,39591,705013081,1788927656805474,1788927660186445,1788927661096541,51,ok,,length,8145b0cb-249e-4439-8e20-37683844685a
150,deep-research-0,research-agents,standard,1,,0,deep-research-system-prompt-0,2000,true,9283,1083,0,0,0,0,0,,0,11138,667646932,1788927619439422,1788927620717563,1788927662219792,1083,ok,,length,6cc7afaa-5639-4eb2-95e2-9ddc2252ab7a
153,deep-research-2,research-agents,standard,1,,0,deep-research-system-prompt-2,2000,true,45741,1015,0,0,0,0,0,,0,47591,676213809,1788927628006369,1788927632290296,1788927664182798,1016,ok,,length,88afca19-2c19-49da-8b35-eeeff09ac891
146,deep-research-1,research-agents,standard,1,,0,deep-research-system-prompt-1,2000,true,31381,1480,0,0,0,0,0,,0,33142,654546344,1788927606339097,1788927608965918,1788927665359861,1481,ok,,length,5f308ff1-3238-4235-b5d4-cbf5d61bc7d1
158,deep-research-0,research-agents,standard,1,,0,deep-research-system-prompt-0,2000,true,18194,50,0,0,0,0,0,,0,20058,717792246,1788927669584085,1788927670930637,1788927671704156,51,ok,,length,a594176d-969f-41f6-a8c6-778b6da14c2b
156,deep-research-0,research-agents,standard,1,,0,deep-research-system-prompt-0,2000,true,20810,1374,0,0,0,0,0,,0,22586,703284029,1788927655076003,1788927656696441,1788927679057374,1375,ok,,length,f4e319fb-d915-42a8-aaa6-cff1431b5931
163,deep-research-2,research-agents,standard,1,,0,deep-research-system-prompt-2,2000,true,25953,50,0,0,0,0,0,,0,27835,741568505,1788927693361073,1788927695973128,1788927696983386,51,ok,,length,30908310-0c70-4be0-b679-8c4c6b743e78
164,deep-research-0,research-agents,standard,1,,0,deep-research-system-prompt-0,2000,true,26912,70,0,0,0,0,0,,0,28864,741890177,1788927693682735,1788927702288061,1788927703716814,71,ok,,length,80382c1b-4472-4bd6-873c-75db791f1d66
162,deep-research-4,research-agents,standard,1,,0,deep-research-system-prompt-4,2000,true,27136,490,0,0,0,0,0,,0,29063,739760960,1788927691553474,1788927693978933,1788927705675708,491,ok,,length,2d3ed293-d7d5-4e39-a723-d65b29a18b33
161,deep-research-2,research-agents,standard,1,,0,deep-research-system-prompt-2,2000,true,26804,331,0,0,0,0,0,,0,28737,733302696,1788927685095283,1788927702304525,1788927708846236,332,ok,,length,13745b2c-035e-4adf-874f-98cacc78b73f
160,deep-research-0,research-agents,standard,1,,0,deep-research-system-prompt-0,2000,true,121000,371,0,0,0,0,0,,0,122151,732125709,1788927683924268,1788927700282680,1788927709571308,372,ok,,length,7253ba46-22d2-4ff7-bb09-754ef9e07382
165,deep-research-3,research-agents,standard,1,,0,deep-research-system-prompt-3,2000,true,10015,50,0,0,0,0,0,,0,11957,764266832,1788927716059413,1788927716732289,1788927717495657,51,ok,,length,1aa3b9c0-963a-4e1f-b19d-ba44f71dbe7c
159,deep-research-1,research-agents,standard,1,,0,deep-research-system-prompt-1,2000,true,121000,1380,0,0,0,0,0,,0,122033,722480773,1788927674274965,1788927690381966,1788927721259874,1380,ok,,length,bb2a643e-a7f9-4a5a-8905-3ce145314e90
166,deep-research-2,research-agents,standard,1,,0,deep-research-system-prompt-2,2000,true,14756,398,0,0,0,0,0,,0,16784,766886231,1788927718678584,1788927719769473,1788927726055236,399,ok,,length,f88e794b-e3c7-47ff-a7f6-63cc05a5a65c
168,deep-research-0,research-agents,standard,1,,0,deep-research-system-prompt-0,2000,true,9038,50,0,0,0,0,0,,0,10954,777113116,1788927728907442,1788927729506452,1788927730268607,51,ok,,length,e9535747-842d-48e2-8df6-6cb53a2a3484
172,deep-research-4,research-agents,standard,1,,0,deep-research-system-prompt-4,2000,true,29558,50,0,0,0,0,0,,0,31408,791008186,1788927742800991,1788927745252152,1788927746142428,51,ok,,length,694a8fd1-7cf1-4a26-b620-fec49ef606a0
174,deep-research-1,research-agents,standard,1,,0,deep-research-system-prompt-1,2000,true,41325,50,0,0,0,0,0,,0,42976,799449049,1788927751241426,1788927754987241,1788927755919159,51,ok,,length,c1b32cc6-58b4-4421-b53f-ad8da3015819
173,deep-research-2,research-agents,standard,1,,0,deep-research-system-prompt-2,2000,true,58824,50,0,0,0,0,0,,0,60396,796209713,1788927748001972,1788927753904733,1788927759636694,51,ok,,length,6db74aae-c4eb-4bc4-b67e-7962578fb855
176,deep-research-4,research-agents,standard,1,,0,deep-research-system-prompt-4,2000,true,42456,50,0,0,0,0,0,,0,44150,802084323,1788927753876734,1788927757800227,1788927759854760,51,ok,,length,52c11c16-3d95-4ab5-8427-e5da33b08de5
175,deep-research-3,research-agents,standard,1,,0,deep-research-system-prompt-3,2000,true,19847,50,0,0,0,0,0,,0,21537,799781953,1788927751573788,1788927757810781,1788927759872031,51,ok,,length,e2cf1a22-1ca1-46a8-8e4d-92b9a97c1e0c
180,deep-research-0,research-agents,standard,1,,0,deep-research-system-prompt-0,2000,true,15506,382,0,0,0,0,0,,0,17404,806164055,1788927757956018,1788927759127802,1788927767972104,383,ok,,length,e9725a33-7bb1-4d5a-9717-87ba4a5e678f
181,deep-research-1,research-agents,standard,1,,0,deep-research-system-prompt-1,2000,true,24468,50,0,0,0,0,0,,0,26327,813511150,1788927765303868,1788927767271303,1788927768173242,51,ok,,length,bf5ed893-73d5-4a2f-abb4-9821d4882af2
177,deep-research-1,research-agents,standard,1,,0,deep-research-system-prompt-1,2000,true,28683,50,0,0,0,0,0,,0,30657,804137961,1788927755930746,1788927758302307,1788927768243820,51,ok,,length,4acbcaeb-a8a6-475c-9e0d-541b33092af3
169,deep-research-3,research-agents,standard,1,,0,deep-research-system-prompt-3,2000,true,49440,1014,0,0,0,0,0,,0,51158,781126853,1788927732919324,1788927737681129,1788927776305305,1015,ok,,length,6297fef6-ec6e-4d40-ad48-bfbe1450f19b
179,deep-research-4,research-agents,standard,1,,0,deep-research-system-prompt-4,2000,true,58632,208,0,0,0,0,0,,0,60372,804885133,1788927756677938,1788927767280016,1788927783246501,208,ok,,length,a1d6c76f-d100-488a-8925-464b9b658d41
178,deep-research-1,research-agents,standard,1,,0,deep-research-system-prompt-1,2000,true,38626,233,0,0,0,0,0,,0,40294,804654121,1788927756446478,1788927764026858,1788927783776858,233,ok,,length,44e49221-fa25-46f7-a460-f9b80a7f34e1
170,deep-research-1,research-agents,standard,1,,0,deep-research-system-prompt-1,2000,true,19451,1269,0,0,0,0,0,,0,21405,786573093,1788927738365575,1788927740081858,1788927789617271,1270,ok,,length,5f356825-d73f-4c7a-a933-9f173c7fb3bd
187,deep-research-2,research-agents,standard,1,,0,deep-research-system-prompt-2,2000,true,20140,50,0,0,0,0,0,,0,22139,832538171,1788927784330619,1788927785895207,1788927794206825,51,ok,,length,872f9354-fb4c-4374-a1b4-edc7360076f9
167,deep-research-2,research-agents,standard,1,,0,deep-research-system-prompt-2,2000,true,70720,1635,0,0,0,0,0,,0,72156,770942530,1788927722735718,1788927730336128,1788927798180713,1635,ok,,length,568d738a-5750-4b75-beb1-5479211f1088
188,deep-research-4,research-agents,standard,1,,0,deep-research-system-prompt-4,2000,true,69872,504,0,0,0,0,0,,0,71425,833304333,1788927785097233,1788927793173301,1788927804154575,505,ok,,length,ab3bf662-84c5-402b-bfad-ff6ba3ce481e
185,deep-research-4,research-agents,standard,1,,0,deep-research-system-prompt-4,2000,true,60275,712,0,0,0,0,0,,0,61957,830168995,1788927781962029,1788927788138633,1788927805407612,713,ok,,length,f9cd34f6-f014-4c28-8bd2-8f8e0dbad59b
186,deep-research-0,research-agents,standard,1,,0,deep-research-system-prompt-0,2000,true,53746,714,0,0,0,0,0,,0,55335,830220559,1788927782013679,1788927788631326,1788927805928386,715,ok,,length,00f7110d-abba-4411-8376-74340e1a42a2
191,deep-research-2,research-agents,standard,1,,0,deep-research-system-prompt-2,2000,true,19237,206,0,0,0,0,0,,0,21105,854423475,1788927806216191,1788927807695142,1788927811604020,207,ok,,length,79c41325-6470-46d8-a128-9bf70ccf9370
171,deep-research-3,research-agents,standard,1,,0,deep-research-system-prompt-3,2000,true,24687,1546,0,0,0,0,0,,0,26398,790180320,1788927741973137,1788927743920315,1788927811924075,1546,ok,,length,a6f328be-2f84-4fa7-899b-a58de132f701
183,deep-research-0,research-agents,standard,1,,0,deep-research-system-prompt-0,2000,true,97608,932,0,0,0,0,0,,0,99024,818767661,1788927770561235,1788927782451486,1788927812541078,932,ok,,length,66af5c55-f2db-497c-b347-afedeff21520
184,deep-research-3,research-agents,standard,1,,0,deep-research-system-prompt-3,2000,true,23774,1240,0,0,0,0,0,,0,25566,825508933,1788927777300910,1788927779180275,1788927813599965,1241,ok,,length,69cff57f-fd59-46f9-af08-b8125505c102
189,deep-research-4,research-agents,standard,1,,0,deep-research-system-prompt-4,2000,true,30753,586,0,0,0,0,0,,0,32401,850488000,1788927802280690,1788927804882646,1788927817126685,587,ok,,length,1eed2245-0d41-4ada-ac80-1c1dae4ca069
190,deep-research-4,research-agents,standard,1,,0,deep-research-system-prompt-4,2000,true,24441,691,0,0,0,0,0,,0,26264,853269920,1788927805061708,1788927807000555,1788927822527670,692,ok,,length,97a8287a-e598-47b8-bb09-7f6a49e5558e
182,deep-research-1,research-agents,standard,1,,0,deep-research-system-prompt-1,2000,true,46942,2559,0,0,0,0,0,,0,48763,817412004,1788927769204743,1788927773690767,1788927832526967,2560,ok,,length,df70e019-bb18-44b1-bb8c-21cc2227e000
193,deep-research-1,research-agents,standard,1,,0,deep-research-system-prompt-1,2000,true,112335,106,0,0,0,0,0,,0,113591,877889442,1788927829682884,1788927844221119,1788927853936920,106,ok,,length,74960ddb-9fa4-4a28-824c-9ebf3771b920
192,deep-research-1,research-agents,standard,1,,0,deep-research-system-prompt-1,2000,true,37036,878,0,0,0,0,0,,0,38747,863208007,1788927815000554,1788927818304189,1788927855160610,878,ok,,length,f0530df8-7fc9-4ddf-9da9-7b6d4b5e8909
196,deep-research-4,research-agents,standard,1,,0,deep-research-system-prompt-4,2000,true,60873,50,0,0,0,0,0,,0,62520,888698942,1788927840493627,1788927857891287,1788927873463209,51,ok,,length,1d1b092d-6633-48ac-b73d-8f038037d8a5
195,deep-research-1,research-agents,standard,1,,0,deep-research-system-prompt-1,2000,true,21019,50,0,0,0,0,0,,0,22762,884370645,1788927836163283,1788927857891330,1788927873463289,51,ok,,length,a925ae11-5450-4fd4-b220-4bd71bad3485
198,deep-research-4,research-agents,standard,1,,0,deep-research-system-prompt-4,2000,true,23763,50,0,0,0,0,0,,0,25610,892014328,1788927843806441,1788927860472842,1788927873486129,51,ok,,length,f7786875-84be-4698-acc2-435bb41eb298
201,deep-research-3,research-agents,standard,1,,0,deep-research-system-prompt-3,2000,true,84809,50,0,0,0,0,0,,0,86310,896641135,1788927848434805,1788927871201347,1788927873554888,51,ok,,length,4a84ffcd-75c1-4dbf-985f-f35103c3ed2f
197,deep-research-3,research-agents,standard,1,,0,deep-research-system-prompt-3,2000,true,15627,164,0,0,0,0,0,,0,17455,891485710,1788927843277939,1788927857891247,1788927883061908,165,ok,,length,04b55bc8-8ec8-4be2-9bb0-11d568b74da6
194,deep-research-0,research-agents,standard,1,,0,deep-research-system-prompt-0,2000,true,121000,196,0,0,0,0,0,,0,122217,882344659,1788927834138144,1788927851395130,1788927883738270,197,ok,,length,eda9fcd9-85b1-4d05-92c8-ba8d5d0bbd14
210,deep-research-3,research-agents,standard,1,,0,deep-research-system-prompt-3,2000,true,11065,50,0,0,0,0,0,,0,12819,930260201,1788927882052258,1788927882859857,1788927883924955,51,ok,,length,38bf082e-b685-4f44-b270-bad72e92b4f4
211,deep-research-4,research-agents,standard,1,,0,deep-research-system-prompt-4,2000,true,21185,50,0,0,0,0,0,,0,23048,932764137,1788927884556407,1788927886225408,1788927887163266,51,ok,,length,c5a2cbdd-7460-4e15-a4cb-b45552651612
207,deep-research-1,research-agents,standard,1,,0,deep-research-system-prompt-1,2000,true,68802,50,0,0,0,0,0,,0,70298,916072698,1788927867865423,1788927885457126,1788927891407268,51,ok,,length,28c289e2-c452-4ebd-b876-21001cddd0c7
208,deep-research-1,research-agents,standard,1,,0,deep-research-system-prompt-1,2000,true,53946,50,0,0,0,0,0,,0,55574,919613288,1788927871405691,1788927890114138,1788927891458143,51,ok,,length,8fb79684-4f03-4a8d-86b5-87d2888295f7
205,deep-research-4,research-agents,standard,1,,0,deep-research-system-prompt-4,2000,true,61707,225,0,0,0,0,0,,0,63274,907799363,1788927859591986,1788927885457081,1788927895764528,226,ok,,length,631074b8-9ad1-40c1-9008-a5e5586e2505
202,deep-research-2,research-agents,standard,1,,0,deep-research-system-prompt-2,2000,true,31497,789,0,0,0,0,0,,0,33345,899811336,1788927851603911,1788927872346760,1788927896627761,790,ok,,length,f8feae79-703e-433c-bd5c-f067ca0c88a3
204,deep-research-1,research-agents,standard,1,,0,deep-research-system-prompt-1,2000,true,121000,331,0,0,0,0,0,,0,122268,905770896,1788927857565275,1788927875501168,1788927898142980,332,ok,,length,1f2131b3-98f7-483d-8855-fc8c42830e4e
206,deep-research-3,research-agents,standard,1,,0,deep-research-system-prompt-3,2000,true,39108,451,0,0,0,0,0,,0,40767,911136370,1788927862929949,1788927878461079,1788927900539850,452,ok,,length,0e81d054-f542-418e-a1da-c84680e2904d
209,deep-research-0,research-agents,standard,1,,0,deep-research-system-prompt-0,2000,true,65072,939,0,0,0,0,0,,0,66651,923292592,1788927875085827,1788927881843868,1788927901657341,940,ok,,length,25384f8e-a8b2-4b65-8fc2-912c2fd20359
203,deep-research-1,research-agents,standard,1,,0,deep-research-system-prompt-1,2000,true,40119,572,0,0,0,0,0,,0,41909,903289672,1788927855082018,1788927858714013,1788927902719103,573,ok,,length,f9ff0ffd-a691-49b2-a7e4-703ce6d60cf0
200,deep-research-4,research-agents,standard,1,,0,deep-research-system-prompt-4,2000,true,13778,1235,0,0,0,0,0,,0,15588,895810618,1788927847602615,1788927860472882,1788927904159307,1236,ok,,length,fc6b5668-7b29-407d-9e88-30f37b0ac861
199,deep-research-3,research-agents,standard,1,,0,deep-research-system-prompt-3,2000,true,73104,822,0,0,0,0,0,,0,74833,893650519,1788927845443698,1788927853402428,1788927905390392,823,ok,,length,6743320b-4e1b-4fbd-9032-2cdf5209c71d
215,deep-research-1,research-agents,standard,1,,0,deep-research-system-prompt-1,2000,true,27372,50,0,0,0,0,0,,0,29141,955247448,1788927907039675,1788927909338282,1788927910178575,51,ok,,length,7dbe3718-d24e-41b6-9351-b2e2a393ef5e
214,deep-research-2,research-agents,standard,1,,0,deep-research-system-prompt-2,2000,true,11366,50,0,0,0,0,0,,0,13228,954765210,1788927906556925,1788927909482085,1788927910326160,51,ok,,length,65065e5c-5d84-4bab-9712-535f81441852
216,deep-research-2,research-agents,standard,1,,0,deep-research-system-prompt-2,2000,true,29342,50,0,0,0,0,0,,0,31214,961686846,1788927913479657,1788927915914231,1788927916730402,51,ok,,length,a4d1e208-9055-486e-821a-751d6fdb7cd1
212,deep-research-3,research-agents,standard,1,,0,deep-research-system-prompt-3,2000,true,25957,428,0,0,0,0,0,,0,27671,953243512,1788927905035509,1788927907120710,1788927918509180,429,ok,,length,f249f2fc-f1e5-4ab1-81ec-5e1c6a969e5f
218,deep-research-1,research-agents,standard,1,,0,deep-research-system-prompt-1,2000,true,48318,210,0,0,0,0,0,,0,49981,968252216,1788927920044650,1788927924645855,1788927937047185,211,ok,,length,bad78bdc-005d-453f-8620-534448308ff5
213,deep-research-1,research-agents,standard,1,,0,deep-research-system-prompt-1,2000,true,57851,1171,0,0,0,0,0,,0,59640,953783934,1788927905576982,1788927911308175,1788927941303294,1172,ok,,length,db6e5a45-9e58-4e56-b230-b30c58ebe335
221,deep-research-0,research-agents,standard,1,,0,deep-research-system-prompt-0,2000,true,35726,50,0,0,0,0,0,,0,37583,988332615,1788927940124851,1788927943337848,1788927944236314,51,ok,,length,913aea8f-3213-4315-bf62-dacebfa61a6b
217,deep-research-3,research-agents,standard,1,,0,deep-research-system-prompt-3,2000,true,40068,1371,0,0,0,0,0,,0,41816,962156881,1788927913948887,1788927917563219,1788927949866888,1372,ok,,length,19e849e7-7ef5-4fa9-b273-2943fd65574f
223,deep-research-4,research-agents,standard,1,,0,deep-research-system-prompt-4,2000,true,25477,50,0,0,0,0,0,,0,27336,995129898,1788927946922565,1788927948986177,1788927949901865,51,ok,,length,9f5a7121-b28e-40a8-b7ad-d5f8bd1f82f1
219,deep-research-3,research-agents,standard,1,,0,deep-research-system-prompt-3,2000,true,81238,521,0,0,0,0,0,,0,82505,975439452,1788927927232331,1788927936393799,1788927950036816,522,ok,,length,7014a8ce-b53b-4d4e-a797-c909edb6e329
225,deep-research-2,research-agents,standard,1,,0,deep-research-system-prompt-2,2000,true,21400,50,0,0,0,0,0,,0,23306,1002103595,1788927953896111,1788927955751614,1788927956601955,51,ok,,length,70ccad19-fabc-4bb7-8031-c4210470699a
226,deep-research-4,research-agents,standard,1,,0,deep-research-system-prompt-4,2000,true,57048,50,0,0,0,0,0,,0,58755,1002183644,1788927953975874,1788927960208778,1788927961078611,51,ok,,length,e9d82d05-eedc-4f19-a02f-84a1cca6a1db
224,deep-research-0,research-agents,standard,1,,0,deep-research-system-prompt-0,2000,true,27815,411,0,0,0,0,0,,0,29662,1000415788,1788927952207707,1788927954486285,1788927962110089,412,ok,,length,d11d2a84-dcfd-46fe-a6ca-5501aaaadcf1
220,deep-research-4,research-agents,standard,1,,0,deep-research-system-prompt-4,2000,true,52218,1670,0,0,0,0,0,,0,53875,976247625,1788927928040042,1788927933063205,1788927966777525,1671,ok,,length,83a95245-281e-40de-b311-578c04f16f76
222,deep-research-1,research-agents,standard,1,,0,deep-research-system-prompt-1,2000,true,17736,1231,0,0,0,0,0,,0,19525,993613860,1788927945405953,1788927946758590,1788927970187022,1232,ok,,length,ca808434-0116-4310-a893-286acd58cabe
227,deep-research-0,research-agents,standard,1,,0,deep-research-system-prompt-0,2000,true,10752,705,0,0,0,0,0,,0,12641,1006680888,1788927958472816,1788927959221815,1788927970844929,706,ok,,length,9879fed2-c1dc-4bc8-a1b3-7c26909a5445
235,deep-research-4,research-agents,standard,1,,0,deep-research-system-prompt-4,2000,true,16922,50,0,0,0,0,0,,0,18848,1028104060,1788927979896190,1788927984733212,1788927986546522,51,ok,,length,3a16459c-7279-4a95-821c-11d61d288c38
233,deep-research-0,research-agents,standard,1,,0,deep-research-system-prompt-0,2000,true,5342,69,0,0,0,0,0,,0,7295,1025194437,1788927976986388,1788927983537924,1788927986897664,70,ok,,length,4498415b-7391-44b6-85a8-034864214235
240,deep-research-2,research-agents,standard,1,,0,deep-research-system-prompt-2,2000,true,39201,50,0,0,0,0,0,,0,40907,1047403365,1788927999196405,1788928002857225,1788928004104433,51,ok,,length,94880f83-ad46-4e6a-900c-5fbcd8744201
228,deep-research-1,research-agents,standard,1,,0,deep-research-system-prompt-1,2000,true,100125,202,0,0,0,0,0,,0,101418,1019022986,1788927970816658,1788927983023618,1788928005492978,203,ok,,length,55863258-8d79-4853-933d-d37fc01f50ce
230,deep-research-3,research-agents,standard,1,,0,deep-research-system-prompt-3,2000,true,121000,216,0,0,0,0,0,,0,121897,1022107135,1788927973901597,1788928002369830,1788928007896215,217,ok,,length,d960833e-4f43-4450-b9d6-f2adeb8a8785
234,deep-research-4,research-agents,standard,1,,0,deep-research-system-prompt-4,2000,true,47255,50,0,0,0,0,0,,0,48883,1026798266,1788927978591245,1788927999971392,1788928023141141,51,ok,,length,c4bf746a-0325-425f-9576-3bf03314793e
241,deep-research-2,research-agents,standard,1,,0,deep-research-system-prompt-2,2000,true,79050,126,0,0,0,0,0,,0,80632,1050313583,1788928002108079,1788928021988041,1788928025300122,127,ok,,length,ada7986e-1792-4683-99a5-61cd53c64b57
232,deep-research-0,research-agents,standard,1,,0,deep-research-system-prompt-0,2000,true,32604,182,0,0,0,0,0,,0,34325,1024489541,1788927976281507,1788927995934964,1788928026461341,183,ok,,length,be2ce9fc-5e92-4aac-aadd-3e67670d7a5c
243,deep-research-4,research-agents,standard,1,,0,deep-research-system-prompt-4,2000,true,39937,50,0,0,0,0,0,,0,41558,1071137987,1788928022930548,1788928027035457,1788928028143692,51,ok,,length,e067600e-eaa8-4ca0-9674-997e801cbad2
229,deep-research-3,research-agents,standard,1,,0,deep-research-system-prompt-3,2000,true,42409,345,0,0,0,0,0,,0,43898,1020355539,1788927972147992,1788927976022544,1788928029705444,346,ok,,length,92b91616-565e-465c-8b00-af93c6dbef17
238,deep-research-0,research-agents,standard,1,,0,deep-research-system-prompt-0,2000,true,8942,358,0,0,0,0,0,,0,10776,1043864358,1788927995656716,1788927999971277,1788928030549612,359,ok,,length,b11d78b1-f4ee-48b8-b7e5-7361020d71c6
242,deep-research-2,research-agents,standard,1,,0,deep-research-system-prompt-2,2000,true,116188,523,0,0,0,0,0,,0,117760,1056757835,1788928008551547,1788928023857593,1788928035268873,523,ok,,length,dd55dc5c-836f-4e47-9607-3120bea794d3
239,deep-research-1,research-agents,standard,1,,0,deep-research-system-prompt-1,2000,true,106721,630,0,0,0,0,0,,0,107925,1044061703,1788927995855432,1788928015284055,1788928036560088,631,ok,,length,9a4d7dd9-eafe-43b7-be19-edb623a48314
237,deep-research-2,research-agents,standard,1,,0,deep-research-system-prompt-2,2000,true,101159,826,0,0,0,0,0,,0,102530,1035187034,1788927986980853,1788927999495736,1788928038090820,826,ok,,length,ecd7bac2-f035-4ece-b9a5-4b096930cf0a
245,deep-research-3,research-agents,standard,1,,0,deep-research-system-prompt-3,2000,true,51374,50,0,0,0,0,0,,0,52889,1089261589,1788928041054630,1788928045915261,1788928046785147,51,ok,,length,e5e44cda-0714-4e61-ad85-775d46bb7f66
249,deep-research-2,research-agents,standard,1,,0,deep-research-system-prompt-2,2000,true,60156,50,0,0,0,0,0,,0,61908,1102094161,1788928053887456,1788928059998239,1788928061061036,51,ok,,length,b666f3a5-c2f7-4bb2-84b1-7d8803ad7a4c
244,deep-research-2,research-agents,standard,1,,0,deep-research-system-prompt-2,2000,true,29291,380,0,0,0,0,0,,0,31121,1083373526,1788928035165898,1788928037570229,1788928062701425,380,ok,,length,c257cc12-4782-4407-9ccc-36f0b8535798
236,deep-research-2,research-agents,standard,1,,0,deep-research-system-prompt-2,2000,true,12988,1360,0,0,0,0,0,,0,14890,1032393929,1788927984185879,1788927985618640,1788928064615223,1359,ok,,length,f6d4dc0b-9390-4907-930c-4d8b0546d6aa
231,deep-research-3,research-agents,standard,1,,0,deep-research-system-prompt-3,2000,true,121000,1514,0,0,0,0,0,,0,122273,1024174972,1788927975968187,1788927993229813,1788928066742674,1515,ok,,length,7e6d127c-e1cb-4fab-b388-0409f635d926
251,deep-research-2,research-agents,standard,1,,0,deep-research-system-prompt-2,2000,true,23386,50,0,0,0,0,0,,0,25142,1112472924,1788928064264795,1788928066109038,1788928067075755,51,ok,,length,dc25e5b8-3f68-4a8d-85ff-f2ae6c6f1ec6
247,deep-research-3,research-agents,standard,1,,0,deep-research-system-prompt-3,2000,true,109870,341,0,0,0,0,0,,0,111334,1094941994,1788928046736125,1788928060901277,1788928067825679,341,ok,,length,14805ae7-7dcc-496c-ae54-036619e5cad7
250,deep-research-2,research-agents,standard,1,,0,deep-research-system-prompt-2,2000,true,44830,298,0,0,0,0,0,,0,46732,1106451421,1788928058244878,1788928062938721,1788928068825420,299,ok,,length,fa9b7276-e20e-42ba-9272-a1d1c01d57af
246,deep-research-4,research-agents,standard,1,,0,deep-research-system-prompt-4,2000,true,55853,570,0,0,0,0,0,,0,57391,1093513613,1788928045306574,1788928050809722,1788928069530963,571,ok,,length,cc6ea74d-d503-4692-8c3e-e061e5aa3773
253,deep-research-1,research-agents,standard,1,,0,deep-research-system-prompt-1,2000,true,34468,50,0,0,0,0,0,,0,36194,1123469724,1788928075261811,1788928078489124,1788928079291457,51,ok,,length,896e82fc-df57-41b4-bed9-d60e2ba46039
258,deep-research-4,research-agents,standard,1,,0,deep-research-system-prompt-4,2000,true,12963,226,0,0,0,0,0,,0,14897,1137122717,1788928088914973,1788928099365818,1788928104224854,227,ok,,length,7945ee07-6c61-4fec-869d-c09973ae2cfa
254,deep-research-3,research-agents,standard,1,,0,deep-research-system-prompt-3,2000,true,50739,50,0,0,0,0,0,,0,52242,1127543167,1788928079336441,1788928084145955,1788928113924636,50,ok,,length,244d4f8d-bc38-4b01-8d95-2c74dcbef8f4
261,deep-research-4,research-agents,standard,1,,0,deep-research-system-prompt-4,2000,true,21668,50,0,0,0,0,0,,0,23558,1155634568,1788928107428262,1788928110681204,1788928121192457,51,ok,,length,5b0c805d-eea5-46dc-9cec-2a9769c3dc7d
262,deep-research-3,research-agents,standard,1,,0,deep-research-system-prompt-3,2000,true,44996,50,0,0,0,0,0,,0,46719,1156033707,1788928107825868,1788928113743542,1788928121219129,51,ok,,length,e5471d0a-a6c0-46fa-8c2d-2dcc1b0f4d12
256,deep-research-4,research-agents,standard,1,,0,deep-research-system-prompt-4,2000,true,121000,50,0,0,0,0,0,,0,122254,1132112626,1788928083906876,1788928101121764,1788928127911850,50,ok,,length,69b78e9d-f599-4a0b-8f7e-9c6787b449a3
271,deep-research-1,research-agents,standard,1,,0,deep-research-system-prompt-1,2000,true,38563,50,0,0,0,0,0,,0,40352,1176138860,1788928127931828,1788928131717068,1788928132994223,51,ok,,length,84674d3c-efd2-44fe-b4d2-4b6b47b7897f
260,deep-research-2,research-agents,standard,1,,0,deep-research-system-prompt-2,2000,true,39547,323,0,0,0,0,0,,0,41364,1152687068,1788928104480047,1788928108111541,1788928133352244,324,ok,,length,0892c4e8-95be-45f5-9d65-a6e88d070bec
255,deep-research-1,research-agents,standard,1,,0,deep-research-system-prompt-1,2000,true,54557,84,0,0,0,0,0,,0,56123,1129064600,1788928080857242,1788928113124989,1788928139731281,84,ok,,length,f5163d15-0de8-422f-bc49-adc127562ade
264,deep-research-4,research-agents,standard,1,,0,deep-research-system-prompt-4,2000,true,99942,50,0,0,0,0,0,,0,101306,1161812129,1788928113605387,1788928125959452,1788928139809922,51,ok,,length,01655034-2705-4727-bb58-60f06cf5c560
273,deep-research-4,research-agents,standard,1,,0,deep-research-system-prompt-4,2000,true,3688,50,0,0,0,0,0,,0,5684,1186733766,1788928138525276,1788928139006994,1788928140235380,51,ok,,length,05d53092-b834-4778-91c6-dcddd91d64d9
263,deep-research-1,research-agents,standard,1,,0,deep-research-system-prompt-1,2000,true,62355,629,0,0,0,0,0,,0,64031,1157169969,1788928108962290,1788928120008545,1788928145121703,630,ok,,length,242b3cc9-0ba5-459b-9a65-f4ce2c8dd415
266,deep-research-4,research-agents,standard,1,,0,deep-research-system-prompt-4,2000,true,23919,207,0,0,0,0,0,,0,25790,1162854290,1788928114646977,1788928127697758,1788928145786535,208,ok,,length,0cde5650-f7a7-48e4-a50d-0862567f6b35
274,deep-research-2,research-agents,standard,1,,0,deep-research-system-prompt-2,2000,true,28536,50,0,0,0,0,0,,0,30361,1191101794,1788928142893680,1788928145448587,1788928146556903,51,ok,,length,93186733-7d2f-458d-8f8b-b5b6cc13ea44
265,deep-research-0,research-agents,standard,1,,0,deep-research-system-prompt-0,2000,true,19489,685,0,0,0,0,0,,0,21279,1161823745,1788928113615807,1788928120093339,1788928146576434,686,ok,,length,2fe9a2cd-d576-4c20-a172-d4b8538682c0
275,deep-research-4,research-agents,standard,1,,0,deep-research-system-prompt-4,2000,true,42000,50,0,0,0,0,0,,0,43778,1195329012,1788928147121130,1788928150994056,1788928152811951,51,ok,,length,23c42f6c-e3be-4541-a452-4a61a8a163e1
276,deep-research-2,research-agents,standard,1,,0,deep-research-system-prompt-2,2000,true,48069,50,0,0,0,0,0,,0,49899,1195658581,1788928147450931,1788928152078321,1788928153276746,51,ok,,length,1779b55c-f52a-4c1b-a984-1d27fe41321b
268,deep-research-3,research-agents,standard,1,,0,deep-research-system-prompt-3,2000,true,30184,478,0,0,0,0,0,,0,31848,1167343340,1788928119135584,1788928138886202,1788928156586170,479,ok,,length,bae30528-f451-48b7-aab8-0df32d67d517
259,deep-research-0,research-agents,standard,1,,0,deep-research-system-prompt-0,2000,true,103879,663,0,0,0,0,0,,0,105376,1138752271,1788928090546492,1788928113124983,1788928159531445,663,ok,,length,95189354-9bcc-4455-9e7d-7cb8df12cfc2
270,deep-research-4,research-agents,standard,1,,0,deep-research-system-prompt-4,2000,true,11891,813,0,0,0,0,0,,0,13764,1174603271,1788928126395368,1788928131728358,1788928160014646,814,ok,,length,b309bc54-f317-44f6-9cdc-697b1885db69
257,deep-research-1,research-agents,standard,1,,0,deep-research-system-prompt-1,2000,true,85060,1420,0,0,0,0,0,,0,86311,1136879471,1788928088672825,1788928099365799,1788928162373864,1421,ok,,length,bc116318-cea0-46ea-bfb2-f67433fd2864
269,deep-research-0,research-agents,standard,1,,0,deep-research-system-prompt-0,2000,true,27392,1011,0,0,0,0,0,,0,29179,1174275907,1788928126068367,1788928128324934,1788928164360609,1012,ok,,length,ce6a74ca-ad70-4140-a827-660066b2e806
248,deep-research-0,research-agents,standard,1,,0,deep-research-system-prompt-0,2000,true,8883,1659,0,0,0,0,0,,0,10805,1096290785,1788928048083226,1788928060905339,1788928170610018,1659,ok,,length,2491d9c5-0b85-4651-b18e-e64a5e295d16
267,deep-research-0,research-agents,standard,1,,0,deep-research-system-prompt-0,2000,true,77758,796,0,0,0,0,0,,0,78951,1166466130,1788928118259475,1788928138020543,1788928172390712,797,ok,,length,965c9060-8039-4744-b693-b115dea2329d
272,deep-research-1,research-agents,standard,1,,0,deep-research-system-prompt-1,2000,true,44846,1379,0,0,0,0,0,,0,46652,1186452211,1788928138245270,1788928142485886,1788928177304197,1380,ok,,length,1be74464-d61f-481a-97e2-ec16d96e16e2
252,deep-research-2,research-agents,standard,1,,0,deep-research-system-prompt-2,2000,true,121000,2423,0,0,0,0,0,,0,122459,1118248591,1788928070042624,1788928086409580,1788928179749336,2422,ok,,length,46ba5416-c034-4fa1-b250-0a4301adda75
279,deep-research-2,research-agents,standard,1,,0,deep-research-system-prompt-2,2000,true,83144,588,0,0,0,0,0,,0,84477,1207903112,1788928159696858,1788928169101339,1788928180609028,589,ok,,length,73aa3918-02a3-4004-959f-71ebff4afc03
277,deep-research-0,research-agents,standard,1,,0,deep-research-system-prompt-0,2000,true,24220,1152,0,0,0,0,0,,0,26056,1196303147,1788928148095886,1788928151077587,1788928183772711,1153,ok,,length,b7f3657e-7ac7-4e4e-af8b-97c5b40f77f9
278,deep-research-0,research-agents,standard,1,,0,deep-research-system-prompt-0,2000,true,10700,1492,0,0,0,0,0,,0,12579,1199521736,1788928151313394,1788928152097617,1788928189353326,1493,ok,,length,80448ee9-1bf3-41a2-982d-0106a1830cbb
